gen,arch,wr,champ_change
1,メガライボルトex,0.7062,yes
1,メガデンリュウex,0.7231,yes
1,サンダースex単,0.6851,no
1,ピカチュウex＋ライチュウex,0.6549,no
1,ハラバリーex＋雷,0.4631,yes
1,パチリスex＋雷,0.6692,yes
1,サンダーex＋雷,0.7092,yes
1,メガリザードンX ex,0.5123,yes
1,メガリザードンY ex,0.5092,yes
1,メガバシャーモex,0.7505,no
1,ウインディex＋炎,0.5495,no
1,リザードンex＋炎,0.8700,yes
1,エンテイex＋炎,0.7972,no
1,ホウオウex＋炎,0.6977,yes
1,ゴウカザルex＋炎,0.5369,yes
1,ズガドーンex＋炎,0.7300,yes
1,グレンアルマex＋炎,0.7908,yes
1,フリーザーex＋カスミ,0.7085,yes
1,スイクンex＋ゲッコウガ,0.7262,yes
1,カメックスex＋水,0.2100,yes
1,メガギャラドスex,0.7254,yes
1,ラプラスex単,0.3538,yes
1,パルキアex＋水,0.5831,yes
1,キングドラex＋水,0.3677,yes
1,スターミーex＋水,0.2646,yes
1,アシレーヌex＋水,0.5723,yes
1,パオジアンex＋水,0.7323,yes
1,フシギバナex＋どく,0.5462,yes
1,メガフシギバナex,0.6377,yes
1,マスカーニャex＋草,0.6000,yes
1,エーフィex＋草超,0.4892,yes
1,セレビィex＋草,0.7123,yes
1,ジュナイパーex＋草,0.6669,yes
1,ワタッコex＋草,0.3669,yes
1,ミュウツーex＋サーナイト,0.7685,yes
1,メガサーナイトex,0.6946,yes
1,ゲンガーex＋超,0.6154,yes
1,メガゲンガーex,0.6677,yes
1,ミュウex＋超,0.6815,yes
1,ネクロズマex＋超,0.7085,yes
1,ルナアーラex＋超,0.2277,yes
1,クレセリアex＋超,0.5900,yes
1,イエッサンex＋超,0.7185,yes
1,ミミッキュex＋超,0.6877,yes
1,ムウマージex＋超,0.2777,yes
1,エルレイドex＋超,0.3738,yes
1,サザンドラ＋メガアブソルex,0.6969,yes
1,ダークライex＋悪,0.5690,no
1,ブラッキーex＋悪,0.5362,yes
1,マニューラex＋悪,0.2492,yes
1,クロバットex＋悪,0.3969,yes
1,ギラティナex＋悪,0.7692,yes
1,ガラガラex＋化石,0.5592,yes
1,ルカリオex＋闘,0.3151,no
1,カイリキーex＋闘,0.5177,yes
1,ガブリアスex＋ドラゴン,0.4600,yes
1,エビワラーex＋闘,0.6569,yes
1,ドンファンex＋闘,0.5085,yes
1,マッシブーンex＋闘,0.6531,yes
1,ナゲツケサルex＋闘,0.7200,yes
1,メガハガネールex,0.6500,yes
1,メガハッサムex＋鋼,0.7823,yes
1,ダイノーズex＋鋼,0.5669,yes
1,メルメタルex＋鋼,0.4562,yes
1,ソルガレオex＋鋼超,0.5285,yes
1,サーフゴーex＋鋼,0.4146,yes
1,オノノクス＋ドラゴン,0.5292,yes
1,カイリューex＋ドラゴン,0.4069,yes
1,パルキアex＋ドラゴン,0.6838,yes
1,ディアルガex＋鋼ドラゴン,0.7038,yes
1,レックウザex＋ドラゴン,0.6192,yes
1,ギラティナex＋ドラゴン悪,0.6277,yes
1,ウルトラネクロズマex＋ドラゴン,0.6000,yes
1,メガラティオスex＋ドラゴン,0.5354,no
1,メガチルタリスex,0.8569,yes
1,ドラミドロex＋ドラゴン,0.3415,yes
1,カビゴンex＋無色,0.5977,yes
1,ケンタロスex＋無色,0.5385,yes
1,ルギアex＋無色,0.6100,yes
1,ハピナスex＋無色,0.3585,yes
1,ピジョットex＋無色,0.6762,yes
1,ミュウツーex＋ゲッコウガex,0.5823,yes
1,スイクンex＋カスミ,0.6731,yes
1,ゲッコウガex＋ブラッキーex,0.2369,yes
1,フシギバナex＋ミュウex,0.8838,yes
1,サザンドラ＋ギラティナex,0.6238,yes
1,ライコウex＋雷,0.5877,yes
1,アローラライチュウex＋雷,0.2523,yes
1,アローラキュウコンex＋水,0.4138,yes
1,ニンフィアex＋超,0.2638,yes
1,プクリンex＋無色,0.5800,yes
1,メガカメックスex,0.8315,yes
1,メガガルーラex＋無色,0.6469,yes
1,ジラーチ＋鋼超,0.5954,yes
1,プテラex＋化石,0.4600,yes
1,アクジキングex＋悪,0.6069,yes
1,エルフーンex＋草,0.5969,yes
1,ストリンダーex＋雷,0.6085,yes
1,パルデアドオーex＋悪,0.3462,yes
1,ランターンex＋雷水,0.6562,yes
1,メガクチートex＋悪鋼,0.4931,yes
1,ミロカロスex＋水,0.4900,yes
1,メガヤドランex＋超水,0.7023,yes
1,オーガポンみどりのめんex＋草,0.7615,yes
1,ガオガエンex＋炎悪,0.6792,yes
1,デカヌチャンex＋鋼,0.4231,yes
1,ビーダルex＋無色,0.4392,yes
1,ツボツボex＋無色,0.7046,yes
1,ケケンカニex＋闘,0.3792,yes
1,ナッシーex＋草,0.6446,yes
1,スピアーex＋草,0.5854,yes
1,ギャロップex＋炎,0.5423,yes
1,ニョロボンex＋水,0.8308,yes
1,メガカイロスex＋草,0.5523,yes
1,メガピジョットex＋無色,0.7808,yes
1,ダダリンex＋鋼,0.5892,yes
1,ファイヤーex＋炎,0.5954,yes
1,グレイシアex＋水,0.4762,yes
1,リーフィアex＋草,0.3454,yes
1,ブースターex＋炎,0.5654,yes
1,ルガルガンex＋闘,0.4715,yes
1,ウミトリオex＋水,0.5815,yes
1,ベロベルトex＋無色,0.4477,yes
1,エアームドex＋鋼,0.7869,yes
1,アローラダグトリオex＋鋼,0.5300,yes
1,アローラベトベトンex＋悪,0.4869,yes
1,スピアーex＋毒複合,0.5262,yes
1,メガヤンマex＋草,0.5269,yes
1,メガラグラージex＋水,0.6946,yes
1,メガミミロップex＋無色,0.7054,yes
1,メガチャーレムex＋闘超,0.7785,yes
2,メガライボルトex,0.6900,no
2,メガデンリュウex,0.7210,no
2,サンダースex単,0.7031,no
2,ピカチュウex＋ライチュウex,0.6662,yes
2,ハラバリーex＋雷,0.4623,yes
2,パチリスex＋雷,0.6628,no
2,サンダーex＋雷,0.7177,yes
2,メガリザードンX ex,0.5108,yes
2,メガリザードンY ex,0.5208,yes
2,メガバシャーモex,0.7610,no
2,ウインディex＋炎,0.5521,no
2,リザードンex＋炎,0.8636,no
2,エンテイex＋炎,0.8200,yes
2,ホウオウex＋炎,0.6787,no
2,ゴウカザルex＋炎,0.5577,yes
2,ズガドーンex＋炎,0.6977,no
2,グレンアルマex＋炎,0.7815,no
2,フリーザーex＋カスミ,0.6797,no
2,スイクンex＋ゲッコウガ,0.7074,no
2,カメックスex＋水,0.1977,yes
2,メガギャラドスex,0.7423,yes
2,ラプラスex単,0.3392,no
2,パルキアex＋水,0.5900,yes
2,キングドラex＋水,0.3510,no
2,スターミーex＋水,0.2692,yes
2,アシレーヌex＋水,0.5646,yes
2,パオジアンex＋水,0.6890,no
2,フシギバナex＋どく,0.5731,yes
2,メガフシギバナex,0.6231,yes
2,マスカーニャex＋草,0.5764,no
2,エーフィex＋草超,0.5208,yes
2,セレビィex＋草,0.7038,yes
2,ジュナイパーex＋草,0.6631,yes
2,ワタッコex＋草,0.3249,no
2,ミュウツーex＋サーナイト,0.7885,yes
2,メガサーナイトex,0.6615,yes
2,ゲンガーex＋超,0.6208,yes
2,メガゲンガーex,0.6577,yes
2,ミュウex＋超,0.6731,yes
2,ネクロズマex＋超,0.7100,yes
2,ルナアーラex＋超,0.3146,yes
2,クレセリアex＋超,0.6062,yes
2,イエッサンex＋超,0.7100,yes
2,ミミッキュex＋超,0.7154,yes
2,ムウマージex＋超,0.2915,yes
2,エルレイドex＋超,0.4215,yes
2,サザンドラ＋メガアブソルex,0.7469,yes
2,ダークライex＋悪,0.5805,no
2,ブラッキーex＋悪,0.5762,yes
2,マニューラex＋悪,0.2700,yes
2,クロバットex＋悪,0.4538,yes
2,ギラティナex＋悪,0.8069,yes
2,ガラガラex＋化石,0.5208,yes
2,ルカリオex＋闘,0.3238,yes
2,カイリキーex＋闘,0.5415,yes
2,ガブリアスex＋ドラゴン,0.4292,yes
2,エビワラーex＋闘,0.6854,yes
2,ドンファンex＋闘,0.4892,yes
2,マッシブーンex＋闘,0.6423,yes
2,ナゲツケサルex＋闘,0.7192,yes
2,メガハガネールex,0.6415,yes
2,メガハッサムex＋鋼,0.7762,yes
2,ダイノーズex＋鋼,0.5746,yes
2,メルメタルex＋鋼,0.4754,yes
2,ソルガレオex＋鋼超,0.4962,yes
2,サーフゴーex＋鋼,0.4085,yes
2,オノノクス＋ドラゴン,0.6515,yes
2,カイリューex＋ドラゴン,0.4162,yes
2,パルキアex＋ドラゴン,0.6869,yes
2,ディアルガex＋鋼ドラゴン,0.6931,yes
2,レックウザex＋ドラゴン,0.6015,yes
2,ギラティナex＋ドラゴン悪,0.6162,yes
2,ウルトラネクロズマex＋ドラゴン,0.6215,yes
2,メガラティオスex＋ドラゴン,0.6231,yes
2,メガチルタリスex,0.8308,yes
2,ドラミドロex＋ドラゴン,0.3223,yes
2,カビゴンex＋無色,0.6138,yes
2,ケンタロスex＋無色,0.4892,yes
2,ルギアex＋無色,0.5477,yes
2,ハピナスex＋無色,0.3554,yes
2,ピジョットex＋無色,0.7146,yes
2,ミュウツーex＋ゲッコウガex,0.5831,yes
2,スイクンex＋カスミ,0.6715,yes
2,ゲッコウガex＋ブラッキーex,0.5154,yes
2,フシギバナex＋ミュウex,0.8885,yes
2,サザンドラ＋ギラティナex,0.5538,yes
2,ライコウex＋雷,0.5977,yes
2,アローラライチュウex＋雷,0.2654,yes
2,アローラキュウコンex＋水,0.3985,yes
2,ニンフィアex＋超,0.2985,yes
2,プクリンex＋無色,0.6262,yes
2,メガカメックスex,0.7777,yes
2,メガガルーラex＋無色,0.6223,yes
2,ジラーチ＋鋼超,0.6238,yes
2,プテラex＋化石,0.4685,yes
2,アクジキングex＋悪,0.6277,yes
2,エルフーンex＋草,0.6346,yes
2,ストリンダーex＋雷,0.5362,yes
2,パルデアドオーex＋悪,0.4985,yes
2,ランターンex＋雷水,0.6608,yes
2,メガクチートex＋悪鋼,0.4731,yes
2,ミロカロスex＋水,0.5023,yes
2,メガヤドランex＋超水,0.6577,yes
2,オーガポンみどりのめんex＋草,0.7200,yes
2,ガオガエンex＋炎悪,0.7485,yes
2,デカヌチャンex＋鋼,0.4508,yes
2,ビーダルex＋無色,0.4400,yes
2,ツボツボex＋無色,0.7038,yes
2,ケケンカニex＋闘,0.4500,yes
2,ナッシーex＋草,0.6285,yes
2,スピアーex＋草,0.6054,yes
2,ギャロップex＋炎,0.5169,yes
2,ニョロボンex＋水,0.8700,yes
2,メガカイロスex＋草,0.5777,yes
2,メガピジョットex＋無色,0.7462,yes
2,ダダリンex＋鋼,0.5908,yes
2,ファイヤーex＋炎,0.5838,yes
2,グレイシアex＋水,0.4931,yes
2,リーフィアex＋草,0.3023,yes
2,ブースターex＋炎,0.6146,yes
2,ルガルガンex＋闘,0.4862,yes
2,ウミトリオex＋水,0.5862,yes
2,ベロベルトex＋無色,0.4254,yes
2,エアームドex＋鋼,0.7269,yes
2,アローラダグトリオex＋鋼,0.5477,yes
2,アローラベトベトンex＋悪,0.5038,yes
2,スピアーex＋毒複合,0.5092,yes
2,メガヤンマex＋草,0.5438,yes
2,メガラグラージex＋水,0.6662,yes
2,メガミミロップex＋無色,0.7485,yes
2,メガチャーレムex＋闘超,0.7769,yes
3,メガライボルトex,0.6803,no
3,メガデンリュウex,0.7182,no
3,サンダースex単,0.6918,no
3,ピカチュウex＋ライチュウex,0.6633,no
3,ハラバリーex＋雷,0.4490,no
3,パチリスex＋雷,0.6608,yes
3,サンダーex＋雷,0.7377,yes
3,メガリザードンX ex,0.5146,yes
3,メガリザードンY ex,0.5082,no
3,メガバシャーモex,0.7556,no
3,ウインディex＋炎,0.5885,yes
3,リザードンex＋炎,0.8938,yes
3,エンテイex＋炎,0.8033,no
3,ホウオウex＋炎,0.6985,yes
3,ゴウカザルex＋炎,0.5354,yes
3,ズガドーンex＋炎,0.7100,yes
3,グレンアルマex＋炎,0.7992,yes
3,フリーザーex＋カスミ,0.7146,yes
3,スイクンex＋ゲッコウガ,0.7331,yes
3,カメックスex＋水,0.2062,yes
3,メガギャラドスex,0.7041,no
3,ラプラスex単,0.3838,yes
3,パルキアex＋水,0.5708,no
3,キングドラex＋水,0.4231,yes
3,スターミーex＋水,0.2715,yes
3,アシレーヌex＋水,0.5282,no
3,パオジアンex＋水,0.6828,no
3,フシギバナex＋どく,0.5769,yes
3,メガフシギバナex,0.6069,yes
3,マスカーニャex＋草,0.6023,yes
3,エーフィex＋草超,0.5123,yes
3,セレビィex＋草,0.7669,yes
3,ジュナイパーex＋草,0.6126,no
3,ワタッコex＋草,0.3662,yes
3,ミュウツーex＋サーナイト,0.7723,yes
3,メガサーナイトex,0.6692,yes
3,ゲンガーex＋超,0.6115,yes
3,メガゲンガーex,0.6985,yes
3,ミュウex＋超,0.6677,yes
3,ネクロズマex＋超,0.6513,no
3,ルナアーラex＋超,0.2946,yes
3,クレセリアex＋超,0.5341,no
3,イエッサンex＋超,0.6436,no
3,ミミッキュex＋超,0.7192,yes
3,ムウマージex＋超,0.3054,yes
3,エルレイドex＋超,0.3823,no
3,サザンドラ＋メガアブソルex,0.7600,yes
3,ダークライex＋悪,0.6246,yes
3,ブラッキーex＋悪,0.5438,yes
3,マニューラex＋悪,0.2454,yes
3,クロバットex＋悪,0.4385,yes
3,ギラティナex＋悪,0.7531,yes
3,ガラガラex＋化石,0.5169,yes
3,ルカリオex＋闘,0.3700,yes
3,カイリキーex＋闘,0.5269,yes
3,ガブリアスex＋ドラゴン,0.4500,yes
3,エビワラーex＋闘,0.6554,yes
3,ドンファンex＋闘,0.4923,yes
3,マッシブーンex＋闘,0.6354,yes
3,ナゲツケサルex＋闘,0.6377,no
3,メガハガネールex,0.6277,yes
3,メガハッサムex＋鋼,0.7900,yes
3,ダイノーズex＋鋼,0.5462,yes
3,メルメタルex＋鋼,0.4915,yes
3,ソルガレオex＋鋼超,0.4946,yes
3,サーフゴーex＋鋼,0.4308,yes
3,オノノクス＋ドラゴン,0.6208,yes
3,カイリューex＋ドラゴン,0.3954,yes
3,パルキアex＋ドラゴン,0.6223,yes
3,ディアルガex＋鋼ドラゴン,0.6638,yes
3,レックウザex＋ドラゴン,0.5900,yes
3,ギラティナex＋ドラゴン悪,0.5808,yes
3,ウルトラネクロズマex＋ドラゴン,0.5877,yes
3,メガラティオスex＋ドラゴン,0.5323,no
3,メガチルタリスex,0.8385,yes
3,ドラミドロex＋ドラゴン,0.3815,yes
3,カビゴンex＋無色,0.5692,yes
3,ケンタロスex＋無色,0.4962,yes
3,ルギアex＋無色,0.5585,yes
3,ハピナスex＋無色,0.3338,yes
3,ピジョットex＋無色,0.7300,yes
3,ミュウツーex＋ゲッコウガex,0.5554,yes
3,スイクンex＋カスミ,0.6492,yes
3,ゲッコウガex＋ブラッキーex,0.5300,yes
3,フシギバナex＋ミュウex,0.8715,yes
3,サザンドラ＋ギラティナex,0.5323,yes
3,ライコウex＋雷,0.5592,yes
3,アローラライチュウex＋雷,0.1556,no
3,アローラキュウコンex＋水,0.3885,yes
3,ニンフィアex＋超,0.2638,yes
3,プクリンex＋無色,0.6092,yes
3,メガカメックスex,0.7385,yes
3,メガガルーラex＋無色,0.6592,yes
3,ジラーチ＋鋼超,0.6031,yes
3,プテラex＋化石,0.4731,yes
3,アクジキングex＋悪,0.6485,yes
3,エルフーンex＋草,0.6146,yes
3,ストリンダーex＋雷,0.4785,yes
3,パルデアドオーex＋悪,0.5462,yes
3,ランターンex＋雷水,0.7223,yes
3,メガクチートex＋悪鋼,0.4777,yes
3,ミロカロスex＋水,0.4915,yes
3,メガヤドランex＋超水,0.6431,yes
3,オーガポンみどりのめんex＋草,0.7685,yes
3,ガオガエンex＋炎悪,0.6662,yes
3,デカヌチャンex＋鋼,0.4762,yes
3,ビーダルex＋無色,0.4531,yes
3,ツボツボex＋無色,0.7085,yes
3,ケケンカニex＋闘,0.4054,yes
3,ナッシーex＋草,0.6038,yes
3,スピアーex＋草,0.5708,yes
3,ギャロップex＋炎,0.5331,yes
3,ニョロボンex＋水,0.8031,yes
3,メガカイロスex＋草,0.5815,yes
3,メガピジョットex＋無色,0.7292,yes
3,ダダリンex＋鋼,0.6038,yes
3,ファイヤーex＋炎,0.5685,yes
3,グレイシアex＋水,0.4769,yes
3,リーフィアex＋草,0.3300,yes
3,ブースターex＋炎,0.5885,yes
3,ルガルガンex＋闘,0.5262,yes
3,ウミトリオex＋水,0.6585,yes
3,ベロベルトex＋無色,0.3669,yes
3,エアームドex＋鋼,0.7292,yes
3,アローラダグトリオex＋鋼,0.5585,yes
3,アローラベトベトンex＋悪,0.4985,yes
3,スピアーex＋毒複合,0.5185,yes
3,メガヤンマex＋草,0.5500,yes
3,メガラグラージex＋水,0.6638,yes
3,メガミミロップex＋無色,0.7308,yes
3,メガチャーレムex＋闘超,0.7577,yes
4,メガライボルトex,0.6985,yes
4,メガデンリュウex,0.7179,no
4,サンダースex単,0.6838,yes
4,ピカチュウex＋ライチュウex,0.6551,no
4,ハラバリーex＋雷,0.4487,no
4,パチリスex＋雷,0.6846,yes
4,サンダーex＋雷,0.7454,yes
4,メガリザードンX ex,0.5269,yes
4,メガリザードンY ex,0.5100,no
4,メガバシャーモex,0.7715,yes
4,ウインディex＋炎,0.5854,yes
4,リザードンex＋炎,0.8918,no
4,エンテイex＋炎,0.8118,no
4,ホウオウex＋炎,0.6992,yes
4,ゴウカザルex＋炎,0.5303,no
4,ズガドーンex＋炎,0.6949,no
4,グレンアルマex＋炎,0.7749,no
4,フリーザーex＋カスミ,0.7431,yes
4,スイクンex＋ゲッコウガ,0.7623,yes
4,カメックスex＋水,0.2069,yes
4,メガギャラドスex,0.7531,yes
4,ラプラスex単,0.4077,yes
4,パルキアex＋水,0.6400,yes
4,キングドラex＋水,0.4385,yes
4,スターミーex＋水,0.2274,no
4,アシレーヌex＋水,0.5310,no
4,パオジアンex＋水,0.7500,yes
4,フシギバナex＋どく,0.5492,yes
4,メガフシギバナex,0.6308,yes
4,マスカーニャex＋草,0.5638,yes
4,エーフィex＋草超,0.4574,no
4,セレビィex＋草,0.7354,yes
4,ジュナイパーex＋草,0.6562,yes
4,ワタッコex＋草,0.3400,yes
4,ミュウツーex＋サーナイト,0.7738,yes
4,メガサーナイトex,0.6785,yes
4,ゲンガーex＋超,0.5528,no
4,メガゲンガーex,0.7192,yes
4,ミュウex＋超,0.6846,yes
4,ネクロズマex＋超,0.6862,yes
4,ルナアーラex＋超,0.3477,yes
4,クレセリアex＋超,0.5931,yes
4,イエッサンex＋超,0.7300,yes
4,ミミッキュex＋超,0.7508,yes
4,ムウマージex＋超,0.3269,yes
4,エルレイドex＋超,0.4462,yes
4,サザンドラ＋メガアブソルex,0.7608,yes
4,ダークライex＋悪,0.6531,yes
4,ブラッキーex＋悪,0.5654,yes
4,マニューラex＋悪,0.3369,yes
4,クロバットex＋悪,0.4777,yes
4,ギラティナex＋悪,0.7777,yes
4,ガラガラex＋化石,0.5262,yes
4,ルカリオex＋闘,0.3692,yes
4,カイリキーex＋闘,0.5085,yes
4,ガブリアスex＋ドラゴン,0.4131,yes
4,エビワラーex＋闘,0.6400,yes
4,ドンファンex＋闘,0.4885,yes
4,マッシブーンex＋闘,0.6062,yes
4,ナゲツケサルex＋闘,0.7262,yes
4,メガハガネールex,0.6469,yes
4,メガハッサムex＋鋼,0.7692,yes
4,ダイノーズex＋鋼,0.5654,yes
4,メルメタルex＋鋼,0.5100,yes
4,ソルガレオex＋鋼超,0.5100,yes
4,サーフゴーex＋鋼,0.4108,yes
4,オノノクス＋ドラゴン,0.6615,yes
4,カイリューex＋ドラゴン,0.4285,yes
4,パルキアex＋ドラゴン,0.6700,yes
4,ディアルガex＋鋼ドラゴン,0.6523,yes
4,レックウザex＋ドラゴン,0.5862,yes
4,ギラティナex＋ドラゴン悪,0.6462,yes
4,ウルトラネクロズマex＋ドラゴン,0.5938,yes
4,メガラティオスex＋ドラゴン,0.6462,yes
4,メガチルタリスex,0.7977,yes
4,ドラミドロex＋ドラゴン,0.4085,yes
4,カビゴンex＋無色,0.6023,yes
4,ケンタロスex＋無色,0.4915,yes
4,ルギアex＋無色,0.5246,yes
4,ハピナスex＋無色,0.3415,yes
4,ピジョットex＋無色,0.6385,yes
4,ミュウツーex＋ゲッコウガex,0.5985,yes
4,スイクンex＋カスミ,0.6238,yes
4,ゲッコウガex＋ブラッキーex,0.5323,yes
4,フシギバナex＋ミュウex,0.8569,yes
4,サザンドラ＋ギラティナex,0.5269,yes
4,ライコウex＋雷,0.5715,yes
4,アローラライチュウex＋雷,0.2362,yes
4,アローラキュウコンex＋水,0.5723,yes
4,ニンフィアex＋超,0.2838,yes
4,プクリンex＋無色,0.6154,yes
4,メガカメックスex,0.6754,yes
4,メガガルーラex＋無色,0.5969,yes
4,ジラーチ＋鋼超,0.6123,yes
4,プテラex＋化石,0.5092,yes
4,アクジキングex＋悪,0.6531,yes
4,エルフーンex＋草,0.7100,yes
4,ストリンダーex＋雷,0.5092,yes
4,パルデアドオーex＋悪,0.4154,no
4,ランターンex＋雷水,0.7069,yes
4,メガクチートex＋悪鋼,0.4769,yes
4,ミロカロスex＋水,0.3556,no
4,メガヤドランex＋超水,0.5300,yes
4,オーガポンみどりのめんex＋草,0.7454,yes
4,ガオガエンex＋炎悪,0.6885,yes
4,デカヌチャンex＋鋼,0.5023,yes
4,ビーダルex＋無色,0.4062,yes
4,ツボツボex＋無色,0.7400,yes
4,ケケンカニex＋闘,0.4254,yes
4,ナッシーex＋草,0.6415,yes
4,スピアーex＋草,0.5838,yes
4,ギャロップex＋炎,0.5362,yes
4,ニョロボンex＋水,0.7915,yes
4,メガカイロスex＋草,0.6015,yes
4,メガピジョットex＋無色,0.7238,yes
4,ダダリンex＋鋼,0.6315,yes
4,ファイヤーex＋炎,0.5808,yes
4,グレイシアex＋水,0.4800,yes
4,リーフィアex＋草,0.3585,yes
4,ブースターex＋炎,0.6115,yes
4,ルガルガンex＋闘,0.5385,yes
4,ウミトリオex＋水,0.6638,yes
4,ベロベルトex＋無色,0.3615,yes
4,エアームドex＋鋼,0.6762,yes
4,アローラダグトリオex＋鋼,0.5738,yes
4,アローラベトベトンex＋悪,0.5046,yes
4,スピアーex＋毒複合,0.5169,yes
4,メガヤンマex＋草,0.5369,yes
4,メガラグラージex＋水,0.6385,yes
4,メガミミロップex＋無色,0.7285,yes
4,メガチャーレムex＋闘超,0.7831,yes
5,メガライボルトex,0.7600,yes
5,メガデンリュウex,0.7215,no
5,サンダースex単,0.6982,no
5,ピカチュウex＋ライチュウex,0.7046,yes
5,ハラバリーex＋雷,0.4508,yes
5,パチリスex＋雷,0.6772,no
5,サンダーex＋雷,0.7438,yes
5,メガリザードンX ex,0.5077,yes
5,メガリザードンY ex,0.6246,yes
5,メガバシャーモex,0.7723,yes
5,ウインディex＋炎,0.5464,no
5,リザードンex＋炎,0.8969,no
5,エンテイex＋炎,0.8254,yes
5,ホウオウex＋炎,0.7023,yes
5,ゴウカザルex＋炎,0.6423,yes
5,ズガドーンex＋炎,0.7092,yes
5,グレンアルマex＋炎,0.8092,yes
5,フリーザーex＋カスミ,0.6831,yes
5,スイクンex＋ゲッコウガ,0.7600,yes
5,カメックスex＋水,0.2123,yes
5,メガギャラドスex,0.7685,yes
5,ラプラスex単,0.3790,no
5,パルキアex＋水,0.6215,yes
5,キングドラex＋水,0.4569,yes
5,スターミーex＋水,0.3654,yes
5,アシレーヌex＋水,0.5900,yes
5,パオジアンex＋水,0.6923,yes
5,フシギバナex＋どく,0.5200,no
5,メガフシギバナex,0.6046,no
5,マスカーニャex＋草,0.5585,yes
5,エーフィex＋草超,0.4746,yes
5,セレビィex＋草,0.7577,yes
5,ジュナイパーex＋草,0.6992,yes
5,ワタッコex＋草,0.3431,yes
5,ミュウツーex＋サーナイト,0.7346,yes
5,メガサーナイトex,0.6608,yes
5,ゲンガーex＋超,0.6592,yes
5,メガゲンガーex,0.7108,yes
5,ミュウex＋超,0.6051,no
5,ネクロズマex＋超,0.7062,yes
5,ルナアーラex＋超,0.3369,yes
5,クレセリアex＋超,0.6023,yes
5,イエッサンex＋超,0.7423,yes
5,ミミッキュex＋超,0.7662,yes
5,ムウマージex＋超,0.2931,yes
5,エルレイドex＋超,0.4915,yes
5,サザンドラ＋メガアブソルex,0.7692,yes
5,ダークライex＋悪,0.6508,yes
5,ブラッキーex＋悪,0.5731,yes
5,マニューラex＋悪,0.3069,yes
5,クロバットex＋悪,0.5423,yes
5,ギラティナex＋悪,0.7238,yes
5,ガラガラex＋化石,0.5254,yes
5,ルカリオex＋闘,0.3915,yes
5,カイリキーex＋闘,0.5292,yes
5,ガブリアスex＋ドラゴン,0.4331,yes
5,エビワラーex＋闘,0.6331,yes
5,ドンファンex＋闘,0.5154,yes
5,マッシブーンex＋闘,0.6100,yes
5,ナゲツケサルex＋闘,0.7085,yes
5,メガハガネールex,0.6508,yes
5,メガハッサムex＋鋼,0.7692,yes
5,ダイノーズex＋鋼,0.5669,yes
5,メルメタルex＋鋼,0.4662,yes
5,ソルガレオex＋鋼超,0.4931,yes
5,サーフゴーex＋鋼,0.4092,yes
5,オノノクス＋ドラゴン,0.6369,yes
5,カイリューex＋ドラゴン,0.4808,yes
5,パルキアex＋ドラゴン,0.6415,yes
5,ディアルガex＋鋼ドラゴン,0.6254,yes
5,レックウザex＋ドラゴン,0.6392,yes
5,ギラティナex＋ドラゴン悪,0.6085,yes
5,ウルトラネクロズマex＋ドラゴン,0.6077,yes
5,メガラティオスex＋ドラゴン,0.6185,yes
5,メガチルタリスex,0.7908,yes
5,ドラミドロex＋ドラゴン,0.4285,yes
5,カビゴンex＋無色,0.4769,yes
5,ケンタロスex＋無色,0.5238,yes
5,ルギアex＋無色,0.5115,yes
5,ハピナスex＋無色,0.3469,yes
5,ピジョットex＋無色,0.6146,yes
5,ミュウツーex＋ゲッコウガex,0.5915,yes
5,スイクンex＋カスミ,0.6362,yes
5,ゲッコウガex＋ブラッキーex,0.5300,yes
5,フシギバナex＋ミュウex,0.9115,yes
5,サザンドラ＋ギラティナex,0.4469,no
5,ライコウex＋雷,0.5977,yes
5,アローラライチュウex＋雷,0.2392,yes
5,アローラキュウコンex＋水,0.5731,yes
5,ニンフィアex＋超,0.3192,yes
5,プクリンex＋無色,0.6192,yes
5,メガカメックスex,0.6854,yes
5,メガガルーラex＋無色,0.6831,yes
5,ジラーチ＋鋼超,0.5685,yes
5,プテラex＋化石,0.5369,yes
5,アクジキングex＋悪,0.6369,yes
5,エルフーンex＋草,0.7023,yes
5,ストリンダーex＋雷,0.5669,yes
5,パルデアドオーex＋悪,0.5162,yes
5,ランターンex＋雷水,0.7315,yes
5,メガクチートex＋悪鋼,0.4392,yes
5,ミロカロスex＋水,0.4946,yes
5,メガヤドランex＋超水,0.5238,yes
5,オーガポンみどりのめんex＋草,0.7569,yes
5,ガオガエンex＋炎悪,0.6623,yes
5,デカヌチャンex＋鋼,0.4908,yes
5,ビーダルex＋無色,0.4362,yes
5,ツボツボex＋無色,0.7254,yes
5,ケケンカニex＋闘,0.3777,yes
5,ナッシーex＋草,0.6054,yes
5,スピアーex＋草,0.5700,yes
5,ギャロップex＋炎,0.6454,yes
5,ニョロボンex＋水,0.7700,yes
5,メガカイロスex＋草,0.5838,yes
5,メガピジョットex＋無色,0.7708,yes
5,ダダリンex＋鋼,0.5738,yes
5,ファイヤーex＋炎,0.5923,yes
5,グレイシアex＋水,0.4923,yes
5,リーフィアex＋草,0.3008,yes
5,ブースターex＋炎,0.6277,yes
5,ルガルガンex＋闘,0.5062,yes
5,ウミトリオex＋水,0.5738,yes
5,ベロベルトex＋無色,0.3623,yes
5,エアームドex＋鋼,0.7115,yes
5,アローラダグトリオex＋鋼,0.5592,yes
5,アローラベトベトンex＋悪,0.4669,yes
5,スピアーex＋毒複合,0.4962,yes
5,メガヤンマex＋草,0.5254,yes
5,メガラグラージex＋水,0.6285,yes
5,メガミミロップex＋無色,0.7731,yes
5,メガチャーレムex＋闘超,0.7654,yes
6,メガライボルトex,0.7708,yes
6,メガデンリュウex,0.7259,no
6,サンダースex単,0.7046,yes
6,ピカチュウex＋ライチュウex,0.7546,yes
6,ハラバリーex＋雷,0.4418,no
6,パチリスex＋雷,0.6900,yes
6,サンダーex＋雷,0.7531,yes
6,メガリザードンX ex,0.4921,no
6,メガリザードンY ex,0.6062,yes
6,メガバシャーモex,0.7815,yes
6,ウインディex＋炎,0.5562,yes
6,リザードンex＋炎,0.8931,no
6,エンテイex＋炎,0.8231,yes
6,ホウオウex＋炎,0.6631,no
6,ゴウカザルex＋炎,0.6397,no
6,ズガドーンex＋炎,0.7146,yes
6,グレンアルマex＋炎,0.7877,yes
6,フリーザーex＋カスミ,0.6969,yes
6,スイクンex＋ゲッコウガ,0.7454,yes
6,カメックスex＋水,0.2038,yes
6,メガギャラドスex,0.7600,yes
6,ラプラスex単,0.3615,no
6,パルキアex＋水,0.7300,yes
6,キングドラex＋水,0.4169,no
6,スターミーex＋水,0.3515,yes
6,アシレーヌex＋水,0.5646,yes
6,パオジアンex＋水,0.7238,yes
6,フシギバナex＋どく,0.5438,yes
6,メガフシギバナex,0.6138,yes
6,マスカーニャex＋草,0.5785,yes
6,エーフィex＋草超,0.5138,yes
6,セレビィex＋草,0.7423,yes
6,ジュナイパーex＋草,0.6631,yes
6,ワタッコex＋草,0.3254,yes
6,ミュウツーex＋サーナイト,0.7346,yes
6,メガサーナイトex,0.6785,yes
6,ゲンガーex＋超,0.6177,yes
6,メガゲンガーex,0.7023,yes
6,ミュウex＋超,0.6569,yes
6,ネクロズマex＋超,0.7015,yes
6,ルナアーラex＋超,0.2808,yes
6,クレセリアex＋超,0.5685,yes
6,イエッサンex＋超,0.7577,yes
6,ミミッキュex＋超,0.6749,no
6,ムウマージex＋超,0.2723,yes
6,エルレイドex＋超,0.4272,no
6,サザンドラ＋メガアブソルex,0.7554,yes
6,ダークライex＋悪,0.6492,yes
6,ブラッキーex＋悪,0.5492,yes
6,マニューラex＋悪,0.3200,yes
6,クロバットex＋悪,0.5292,yes
6,ギラティナex＋悪,0.7238,yes
6,ガラガラex＋化石,0.5238,yes
6,ルカリオex＋闘,0.3854,yes
6,カイリキーex＋闘,0.4515,no
6,ガブリアスex＋ドラゴン,0.4431,yes
6,エビワラーex＋闘,0.6400,yes
6,ドンファンex＋闘,0.5192,yes
6,マッシブーンex＋闘,0.6092,yes
6,ナゲツケサルex＋闘,0.7515,yes
6,メガハガネールex,0.5985,yes
6,メガハッサムex＋鋼,0.7677,yes
6,ダイノーズex＋鋼,0.5338,yes
6,メルメタルex＋鋼,0.4254,yes
6,ソルガレオex＋鋼超,0.4962,yes
6,サーフゴーex＋鋼,0.3869,yes
6,オノノクス＋ドラゴン,0.6092,yes
6,カイリューex＋ドラゴン,0.4392,yes
6,パルキアex＋ドラゴン,0.6692,yes
6,ディアルガex＋鋼ドラゴン,0.6392,yes
6,レックウザex＋ドラゴン,0.6400,yes
6,ギラティナex＋ドラゴン悪,0.6246,yes
6,ウルトラネクロズマex＋ドラゴン,0.6169,yes
6,メガラティオスex＋ドラゴン,0.5331,no
6,メガチルタリスex,0.7208,yes
6,ドラミドロex＋ドラゴン,0.3777,yes
6,カビゴンex＋無色,0.4900,yes
6,ケンタロスex＋無色,0.5138,yes
6,ルギアex＋無色,0.5423,yes
6,ハピナスex＋無色,0.2769,yes
6,ピジョットex＋無色,0.6262,yes
6,ミュウツーex＋ゲッコウガex,0.5962,yes
6,スイクンex＋カスミ,0.6315,yes
6,ゲッコウガex＋ブラッキーex,0.5300,yes
6,フシギバナex＋ミュウex,0.8931,yes
6,サザンドラ＋ギラティナex,0.5454,yes
6,ライコウex＋雷,0.5885,yes
6,アローラライチュウex＋雷,0.2238,yes
6,アローラキュウコンex＋水,0.4485,no
6,ニンフィアex＋超,0.2815,yes
6,プクリンex＋無色,0.6062,yes
6,メガカメックスex,0.6631,yes
6,メガガルーラex＋無色,0.6315,yes
6,ジラーチ＋鋼超,0.5877,yes
6,プテラex＋化石,0.5062,yes
6,アクジキングex＋悪,0.6454,yes
6,エルフーンex＋草,0.7869,yes
6,ストリンダーex＋雷,0.5900,yes
6,パルデアドオーex＋悪,0.5123,yes
6,ランターンex＋雷水,0.6600,yes
6,メガクチートex＋悪鋼,0.4485,yes
6,ミロカロスex＋水,0.4908,yes
6,メガヤドランex＋超水,0.5038,yes
6,オーガポンみどりのめんex＋草,0.7523,yes
6,ガオガエンex＋炎悪,0.6438,yes
6,デカヌチャンex＋鋼,0.4231,yes
6,ビーダルex＋無色,0.4462,yes
6,ツボツボex＋無色,0.6262,yes
6,ケケンカニex＋闘,0.3738,yes
6,ナッシーex＋草,0.5285,yes
6,スピアーex＋草,0.5831,yes
6,ギャロップex＋炎,0.6438,yes
6,ニョロボンex＋水,0.7131,yes
6,メガカイロスex＋草,0.5662,yes
6,メガピジョットex＋無色,0.7731,yes
6,ダダリンex＋鋼,0.5754,yes
6,ファイヤーex＋炎,0.4492,yes
6,グレイシアex＋水,0.5162,yes
6,リーフィアex＋草,0.3123,yes
6,ブースターex＋炎,0.6138,yes
6,ルガルガンex＋闘,0.5023,yes
6,ウミトリオex＋水,0.5631,yes
6,ベロベルトex＋無色,0.3615,yes
6,エアームドex＋鋼,0.7000,yes
6,アローラダグトリオex＋鋼,0.5685,yes
6,アローラベトベトンex＋悪,0.5046,yes
6,スピアーex＋毒複合,0.5485,yes
6,メガヤンマex＋草,0.4977,yes
6,メガラグラージex＋水,0.6638,yes
6,メガミミロップex＋無色,0.7392,yes
6,メガチャーレムex＋闘超,0.6631,yes
7,メガライボルトex,0.7546,no
7,メガデンリュウex,0.6992,no
7,サンダースex単,0.6887,no
7,ピカチュウex＋ライチュウex,0.7885,yes
7,ハラバリーex＋雷,0.4546,yes
7,パチリスex＋雷,0.7162,yes
7,サンダーex＋雷,0.7479,no
7,メガリザードンX ex,0.5077,yes
7,メガリザードンY ex,0.6285,yes
7,メガバシャーモex,0.7800,yes
7,ウインディex＋炎,0.5562,yes
7,リザードンex＋炎,0.8851,no
7,エンテイex＋炎,0.8238,yes
7,ホウオウex＋炎,0.7477,yes
7,ゴウカザルex＋炎,0.6654,yes
7,ズガドーンex＋炎,0.7023,yes
7,グレンアルマex＋炎,0.7685,yes
7,フリーザーex＋カスミ,0.7100,yes
7,スイクンex＋ゲッコウガ,0.7354,yes
7,カメックスex＋水,0.2033,no
7,メガギャラドスex,0.7267,no
7,ラプラスex単,0.3692,yes
7,パルキアex＋水,0.6810,no
7,キングドラex＋水,0.4700,yes
7,スターミーex＋水,0.3892,yes
7,アシレーヌex＋水,0.5654,yes
7,パオジアンex＋水,0.7015,yes
7,フシギバナex＋どく,0.5454,yes
7,メガフシギバナex,0.6346,yes
7,マスカーニャex＋草,0.5577,yes
7,エーフィex＋草超,0.4892,yes
7,セレビィex＋草,0.7777,yes
7,ジュナイパーex＋草,0.7108,yes
7,ワタッコex＋草,0.3136,no
7,ミュウツーex＋サーナイト,0.7346,yes
7,メガサーナイトex,0.6946,yes
7,ゲンガーex＋超,0.6723,yes
7,メガゲンガーex,0.7238,yes
7,ミュウex＋超,0.6469,yes
7,ネクロズマex＋超,0.7423,yes
7,ルナアーラex＋超,0.2754,yes
7,クレセリアex＋超,0.5831,yes
7,イエッサンex＋超,0.7692,yes
7,ミミッキュex＋超,0.7685,yes
7,ムウマージex＋超,0.3254,yes
7,エルレイドex＋超,0.4515,yes
7,サザンドラ＋メガアブソルex,0.7010,no
7,ダークライex＋悪,0.6031,yes
7,ブラッキーex＋悪,0.5908,yes
7,マニューラex＋悪,0.3169,yes
7,クロバットex＋悪,0.5915,yes
7,ギラティナex＋悪,0.7377,yes
7,ガラガラex＋化石,0.5108,yes
7,ルカリオex＋闘,0.4154,yes
7,カイリキーex＋闘,0.6331,yes
7,ガブリアスex＋ドラゴン,0.4323,yes
7,エビワラーex＋闘,0.6300,yes
7,ドンファンex＋闘,0.5023,yes
7,マッシブーンex＋闘,0.5305,no
7,ナゲツケサルex＋闘,0.7131,yes
7,メガハガネールex,0.5123,no
7,メガハッサムex＋鋼,0.7031,yes
7,ダイノーズex＋鋼,0.5669,yes
7,メルメタルex＋鋼,0.4554,yes
7,ソルガレオex＋鋼超,0.4892,yes
7,サーフゴーex＋鋼,0.3662,yes
7,オノノクス＋ドラゴン,0.6246,yes
7,カイリューex＋ドラゴン,0.4669,yes
7,パルキアex＋ドラゴン,0.7085,yes
7,ディアルガex＋鋼ドラゴン,0.6308,yes
7,レックウザex＋ドラゴン,0.6254,yes
7,ギラティナex＋ドラゴン悪,0.6392,yes
7,ウルトラネクロズマex＋ドラゴン,0.6238,yes
7,メガラティオスex＋ドラゴン,0.6608,yes
7,メガチルタリスex,0.7308,yes
7,ドラミドロex＋ドラゴン,0.4185,yes
7,カビゴンex＋無色,0.4862,yes
7,ケンタロスex＋無色,0.5062,yes
7,ルギアex＋無色,0.5546,yes
7,ハピナスex＋無色,0.2215,yes
7,ピジョットex＋無色,0.6515,yes
7,ミュウツーex＋ゲッコウガex,0.6431,yes
7,スイクンex＋カスミ,0.6400,yes
7,ゲッコウガex＋ブラッキーex,0.5469,yes
7,フシギバナex＋ミュウex,0.8923,yes
7,サザンドラ＋ギラティナex,0.5746,yes
7,ライコウex＋雷,0.5846,yes
7,アローラライチュウex＋雷,0.2269,yes
7,アローラキュウコンex＋水,0.6023,yes
7,ニンフィアex＋超,0.2677,yes
7,プクリンex＋無色,0.5892,yes
7,メガカメックスex,0.6277,yes
7,メガガルーラex＋無色,0.6377,yes
7,ジラーチ＋鋼超,0.5731,yes
7,プテラex＋化石,0.4954,yes
7,アクジキングex＋悪,0.6300,yes
7,エルフーンex＋草,0.7569,yes
7,ストリンダーex＋雷,0.5385,yes
7,パルデアドオーex＋悪,0.5369,yes
7,ランターンex＋雷水,0.6885,yes
7,メガクチートex＋悪鋼,0.4492,yes
7,ミロカロスex＋水,0.5108,yes
7,メガヤドランex＋超水,0.5031,yes
7,オーガポンみどりのめんex＋草,0.7285,yes
7,ガオガエンex＋炎悪,0.6669,yes
7,デカヌチャンex＋鋼,0.4369,yes
7,ビーダルex＋無色,0.4831,yes
7,ツボツボex＋無色,0.6577,yes
7,ケケンカニex＋闘,0.4115,yes
7,ナッシーex＋草,0.4969,yes
7,スピアーex＋草,0.5777,yes
7,ギャロップex＋炎,0.6685,yes
7,ニョロボンex＋水,0.6985,yes
7,メガカイロスex＋草,0.5869,yes
7,メガピジョットex＋無色,0.7546,yes
7,ダダリンex＋鋼,0.6162,yes
7,ファイヤーex＋炎,0.4408,yes
7,グレイシアex＋水,0.6462,yes
7,リーフィアex＋草,0.2831,yes
7,ブースターex＋炎,0.5977,yes
7,ルガルガンex＋闘,0.4723,yes
7,ウミトリオex＋水,0.5631,yes
7,ベロベルトex＋無色,0.3831,yes
7,エアームドex＋鋼,0.6185,yes
7,アローラダグトリオex＋鋼,0.5700,yes
7,アローラベトベトンex＋悪,0.4962,yes
7,スピアーex＋毒複合,0.5623,yes
7,メガヤンマex＋草,0.5823,yes
7,メガラグラージex＋水,0.6285,yes
7,メガミミロップex＋無色,0.7131,yes
7,メガチャーレムex＋闘超,0.6485,yes
8,メガライボルトex,0.7479,no
8,メガデンリュウex,0.7100,no
8,サンダースex単,0.6877,yes
8,ピカチュウex＋ライチュウex,0.7962,yes
8,ハラバリーex＋雷,0.4646,no
8,パチリスex＋雷,0.7008,yes
8,サンダーex＋雷,0.7485,yes
8,メガリザードンX ex,0.5446,yes
8,メガリザードンY ex,0.6287,no
8,メガバシャーモex,0.7877,no
8,ウインディex＋炎,0.5631,yes
8,リザードンex＋炎,0.8892,yes
8,エンテイex＋炎,0.8146,yes
8,ホウオウex＋炎,0.7392,no
8,ゴウカザルex＋炎,0.6421,no
8,ズガドーンex＋炎,0.6613,no
8,グレンアルマex＋炎,0.7308,yes
8,フリーザーex＋カスミ,0.6838,yes
8,スイクンex＋ゲッコウガ,0.7077,no
8,カメックスex＋水,0.2123,yes
8,メガギャラドスex,0.7369,yes
8,ラプラスex単,0.3931,yes
8,パルキアex＋水,0.7062,yes
8,キングドラex＋水,0.4377,yes
8,スターミーex＋水,0.3715,yes
8,アシレーヌex＋水,0.6046,yes
8,パオジアンex＋水,0.6985,yes
8,フシギバナex＋どく,0.5554,yes
8,メガフシギバナex,0.6400,yes
8,マスカーニャex＋草,0.6238,yes
8,エーフィex＋草超,0.4741,no
8,セレビィex＋草,0.7097,no
8,ジュナイパーex＋草,0.7538,yes
8,ワタッコex＋草,0.5323,yes
8,ミュウツーex＋サーナイト,0.7400,yes
8,メガサーナイトex,0.6731,yes
8,ゲンガーex＋超,0.6869,yes
8,メガゲンガーex,0.7177,yes
8,ミュウex＋超,0.6064,no
8,ネクロズマex＋超,0.7131,yes
8,ルナアーラex＋超,0.2977,yes
8,クレセリアex＋超,0.5062,no
8,イエッサンex＋超,0.7269,yes
8,ミミッキュex＋超,0.7508,yes
8,ムウマージex＋超,0.2785,yes
8,エルレイドex＋超,0.4231,yes
8,サザンドラ＋メガアブソルex,0.7415,yes
8,ダークライex＋悪,0.5328,no
8,ブラッキーex＋悪,0.5554,yes
8,マニューラex＋悪,0.2908,yes
8,クロバットex＋悪,0.5762,yes
8,ギラティナex＋悪,0.7269,yes
8,ガラガラex＋化石,0.5862,yes
8,ルカリオex＋闘,0.3969,yes
8,カイリキーex＋闘,0.6108,yes
8,ガブリアスex＋ドラゴン,0.4531,yes
8,エビワラーex＋闘,0.6192,yes
8,ドンファンex＋闘,0.5038,yes
8,マッシブーンex＋闘,0.6046,yes
8,ナゲツケサルex＋闘,0.7615,yes
8,メガハガネールex,0.6015,yes
8,メガハッサムex＋鋼,0.6431,yes
8,ダイノーズex＋鋼,0.5285,yes
8,メルメタルex＋鋼,0.4438,yes
8,ソルガレオex＋鋼超,0.4900,yes
8,サーフゴーex＋鋼,0.3838,yes
8,オノノクス＋ドラゴン,0.6254,yes
8,カイリューex＋ドラゴン,0.4546,yes
8,パルキアex＋ドラゴン,0.6669,yes
8,ディアルガex＋鋼ドラゴン,0.6338,yes
8,レックウザex＋ドラゴン,0.6123,yes
8,ギラティナex＋ドラゴン悪,0.5946,yes
8,ウルトラネクロズマex＋ドラゴン,0.6354,yes
8,メガラティオスex＋ドラゴン,0.6492,yes
8,メガチルタリスex,0.7615,yes
8,ドラミドロex＋ドラゴン,0.3938,yes
8,カビゴンex＋無色,0.4769,yes
8,ケンタロスex＋無色,0.5215,yes
8,ルギアex＋無色,0.5562,yes
8,ハピナスex＋無色,0.1477,yes
8,ピジョットex＋無色,0.6438,yes
8,ミュウツーex＋ゲッコウガex,0.6123,yes
8,スイクンex＋カスミ,0.6208,yes
8,ゲッコウガex＋ブラッキーex,0.5546,yes
8,フシギバナex＋ミュウex,0.9015,yes
8,サザンドラ＋ギラティナex,0.5600,yes
8,ライコウex＋雷,0.6023,yes
8,アローラライチュウex＋雷,0.2385,yes
8,アローラキュウコンex＋水,0.5992,yes
8,ニンフィアex＋超,0.3115,yes
8,プクリンex＋無色,0.5777,yes
8,メガカメックスex,0.6423,yes
8,メガガルーラex＋無色,0.6146,yes
8,ジラーチ＋鋼超,0.5608,yes
8,プテラex＋化石,0.4731,yes
8,アクジキングex＋悪,0.6215,yes
8,エルフーンex＋草,0.7477,yes
8,ストリンダーex＋雷,0.5392,yes
8,パルデアドオーex＋悪,0.5715,yes
8,ランターンex＋雷水,0.6746,yes
8,メガクチートex＋悪鋼,0.4485,yes
8,ミロカロスex＋水,0.5092,yes
8,メガヤドランex＋超水,0.5315,yes
8,オーガポンみどりのめんex＋草,0.7323,yes
8,ガオガエンex＋炎悪,0.6477,yes
8,デカヌチャンex＋鋼,0.4285,yes
8,ビーダルex＋無色,0.4615,yes
8,ツボツボex＋無色,0.6923,yes
8,ケケンカニex＋闘,0.3777,yes
8,ナッシーex＋草,0.5215,yes
8,スピアーex＋草,0.5946,yes
8,ギャロップex＋炎,0.6323,yes
8,ニョロボンex＋水,0.6062,yes
8,メガカイロスex＋草,0.5877,yes
8,メガピジョットex＋無色,0.7823,yes
8,ダダリンex＋鋼,0.5938,yes
8,ファイヤーex＋炎,0.4108,yes
8,グレイシアex＋水,0.6423,yes
8,リーフィアex＋草,0.2862,yes
8,ブースターex＋炎,0.5877,yes
8,ルガルガンex＋闘,0.4769,yes
8,ウミトリオex＋水,0.5692,yes
8,ベロベルトex＋無色,0.4885,yes
8,エアームドex＋鋼,0.6146,yes
8,アローラダグトリオex＋鋼,0.5246,yes
8,アローラベトベトンex＋悪,0.5046,yes
8,スピアーex＋毒複合,0.6154,yes
8,メガヤンマex＋草,0.5223,yes
8,メガラグラージex＋水,0.6369,yes
8,メガミミロップex＋無色,0.7269,yes
8,メガチャーレムex＋闘超,0.6969,yes
9,メガライボルトex,0.7723,yes
9,メガデンリュウex,0.7269,yes
9,サンダースex単,0.7423,yes
9,ピカチュウex＋ライチュウex,0.7610,no
9,ハラバリーex＋雷,0.4715,no
9,パチリスex＋雷,0.6856,no
9,サンダーex＋雷,0.7441,no
9,メガリザードンX ex,0.5223,yes
9,メガリザードンY ex,0.6608,yes
9,メガバシャーモex,0.7800,yes
9,ウインディex＋炎,0.5474,no
9,リザードンex＋炎,0.8885,no
9,エンテイex＋炎,0.7938,no
9,ホウオウex＋炎,0.7438,yes
9,ゴウカザルex＋炎,0.6585,yes
9,ズガドーンex＋炎,0.6908,yes
9,グレンアルマex＋炎,0.7885,yes
9,フリーザーex＋カスミ,0.6777,yes
9,スイクンex＋ゲッコウガ,0.7144,no
9,カメックスex＋水,0.2269,yes
9,メガギャラドスex,0.6944,no
9,ラプラスex単,0.5515,yes
9,パルキアex＋水,0.6672,no
9,キングドラex＋水,0.4977,yes
9,スターミーex＋水,0.3969,yes
9,アシレーヌex＋水,0.5700,yes
9,パオジアンex＋水,0.7208,yes
9,フシギバナex＋どく,0.5323,yes
9,メガフシギバナex,0.7400,yes
9,マスカーニャex＋草,0.6477,yes
9,エーフィex＋草超,0.5923,yes
9,セレビィex＋草,0.7462,yes
9,ジュナイパーex＋草,0.7146,yes
9,ワタッコex＋草,0.5115,yes
9,ミュウツーex＋サーナイト,0.7338,yes
9,メガサーナイトex,0.7277,yes
9,ゲンガーex＋超,0.6303,no
9,メガゲンガーex,0.7192,yes
9,ミュウex＋超,0.6554,yes
9,ネクロズマex＋超,0.7138,yes
9,ルナアーラex＋超,0.2623,yes
9,クレセリアex＋超,0.5654,yes
9,イエッサンex＋超,0.7369,yes
9,ミミッキュex＋超,0.7446,yes
9,ムウマージex＋超,0.2823,yes
9,エルレイドex＋超,0.3728,no
9,サザンドラ＋メガアブソルex,0.7092,yes
9,ダークライex＋悪,0.5962,yes
9,ブラッキーex＋悪,0.5723,yes
9,マニューラex＋悪,0.2985,yes
9,クロバットex＋悪,0.6638,yes
9,ギラティナex＋悪,0.6849,no
9,ガラガラex＋化石,0.5569,yes
9,ルカリオex＋闘,0.3600,yes
9,カイリキーex＋闘,0.6023,yes
9,ガブリアスex＋ドラゴン,0.3869,yes
9,エビワラーex＋闘,0.5923,yes
9,ドンファンex＋闘,0.5085,yes
9,マッシブーンex＋闘,0.6085,yes
9,ナゲツケサルex＋闘,0.6992,yes
9,メガハガネールex,0.6908,yes
9,メガハッサムex＋鋼,0.6385,yes
9,ダイノーズex＋鋼,0.5592,yes
9,メルメタルex＋鋼,0.4800,yes
9,ソルガレオex＋鋼超,0.5031,yes
9,サーフゴーex＋鋼,0.3708,yes
9,オノノクス＋ドラゴン,0.5969,yes
9,カイリューex＋ドラゴン,0.5046,yes
9,パルキアex＋ドラゴン,0.6508,yes
9,ディアルガex＋鋼ドラゴン,0.5692,yes
9,レックウザex＋ドラゴン,0.5838,yes
9,ギラティナex＋ドラゴン悪,0.6285,yes
9,ウルトラネクロズマex＋ドラゴン,0.6077,yes
9,メガラティオスex＋ドラゴン,0.5438,no
9,メガチルタリスex,0.7346,yes
9,ドラミドロex＋ドラゴン,0.3362,yes
9,カビゴンex＋無色,0.5062,yes
9,ケンタロスex＋無色,0.5300,yes
9,ルギアex＋無色,0.5523,yes
9,ハピナスex＋無色,0.1308,yes
9,ピジョットex＋無色,0.6646,yes
9,ミュウツーex＋ゲッコウガex,0.6315,yes
9,スイクンex＋カスミ,0.6123,yes
9,ゲッコウガex＋ブラッキーex,0.5223,yes
9,フシギバナex＋ミュウex,0.9131,yes
9,サザンドラ＋ギラティナex,0.5431,yes
9,ライコウex＋雷,0.6308,yes
9,アローラライチュウex＋雷,0.2200,yes
9,アローラキュウコンex＋水,0.6000,yes
9,ニンフィアex＋超,0.2869,yes
9,プクリンex＋無色,0.5838,yes
9,メガカメックスex,0.5677,yes
9,メガガルーラex＋無色,0.6954,yes
9,ジラーチ＋鋼超,0.5546,yes
9,プテラex＋化石,0.4823,yes
9,アクジキングex＋悪,0.6162,yes
9,エルフーンex＋草,0.7454,yes
9,ストリンダーex＋雷,0.5362,yes
9,パルデアドオーex＋悪,0.5677,yes
9,ランターンex＋雷水,0.5641,no
9,メガクチートex＋悪鋼,0.4885,yes
9,ミロカロスex＋水,0.5485,yes
9,メガヤドランex＋超水,0.5423,yes
9,オーガポンみどりのめんex＋草,0.6846,yes
9,ガオガエンex＋炎悪,0.5262,yes
9,デカヌチャンex＋鋼,0.4708,yes
9,ビーダルex＋無色,0.4446,yes
9,ツボツボex＋無色,0.6938,yes
9,ケケンカニex＋闘,0.3562,yes
9,ナッシーex＋草,0.5523,yes
9,スピアーex＋草,0.5654,yes
9,ギャロップex＋炎,0.6246,yes
9,ニョロボンex＋水,0.6308,yes
9,メガカイロスex＋草,0.6031,yes
9,メガピジョットex＋無色,0.7723,yes
9,ダダリンex＋鋼,0.5923,yes
9,ファイヤーex＋炎,0.4215,yes
9,グレイシアex＋水,0.6269,yes
9,リーフィアex＋草,0.2608,yes
9,ブースターex＋炎,0.5892,yes
9,ルガルガンex＋闘,0.4508,yes
9,ウミトリオex＋水,0.5177,yes
9,ベロベルトex＋無色,0.4715,yes
9,エアームドex＋鋼,0.4149,no
9,アローラダグトリオex＋鋼,0.5077,yes
9,アローラベトベトンex＋悪,0.5600,yes
9,スピアーex＋毒複合,0.7031,yes
9,メガヤンマex＋草,0.5623,yes
9,メガラグラージex＋水,0.6431,yes
9,メガミミロップex＋無色,0.6762,yes
9,メガチャーレムex＋闘超,0.6477,yes
10,メガライボルトex,0.7633,no
10,メガデンリュウex,0.7136,no
10,サンダースex単,0.7151,no
10,ピカチュウex＋ライチュウex,0.8054,yes
10,ハラバリーex＋雷,0.4746,yes
10,パチリスex＋雷,0.6762,no
10,サンダーex＋雷,0.7333,no
10,メガリザードンX ex,0.5200,yes
10,メガリザードンY ex,0.6477,no
10,メガバシャーモex,0.7938,yes
10,ウインディex＋炎,0.5382,no
10,リザードンex＋炎,0.9008,yes
10,エンテイex＋炎,0.7928,no
10,ホウオウex＋炎,0.7323,yes
10,ゴウカザルex＋炎,0.6336,no
10,ズガドーンex＋炎,0.6931,yes
10,グレンアルマex＋炎,0.7846,yes
10,フリーザーex＋カスミ,0.6900,yes
10,スイクンex＋ゲッコウガ,0.7146,yes
10,カメックスex＋水,0.2031,yes
10,メガギャラドスex,0.7423,yes
10,ラプラスex単,0.4892,yes
10,パルキアex＋水,0.7192,yes
10,キングドラex＋水,0.6015,yes
10,スターミーex＋水,0.4138,yes
10,アシレーヌex＋水,0.5554,yes
10,パオジアンex＋水,0.6854,yes
10,フシギバナex＋どく,0.5385,yes
10,メガフシギバナex,0.7292,yes
10,マスカーニャex＋草,0.7262,yes
10,エーフィex＋草超,0.6038,yes
10,セレビィex＋草,0.7492,yes
10,ジュナイパーex＋草,0.6869,yes
10,ワタッコex＋草,0.4569,yes
10,ミュウツーex＋サーナイト,0.7269,yes
10,メガサーナイトex,0.6833,no
10,ゲンガーex＋超,0.7538,yes
10,メガゲンガーex,0.6923,yes
10,ミュウex＋超,0.6431,yes
10,ネクロズマex＋超,0.6677,yes
10,ルナアーラex＋超,0.2631,yes
10,クレセリアex＋超,0.5138,yes
10,イエッサンex＋超,0.7462,yes
10,ミミッキュex＋超,0.7369,yes
10,ムウマージex＋超,0.3408,yes
10,エルレイドex＋超,0.4923,yes
10,サザンドラ＋メガアブソルex,0.7546,yes
10,ダークライex＋悪,0.5554,yes
10,ブラッキーex＋悪,0.5938,yes
10,マニューラex＋悪,0.3246,yes
10,クロバットex＋悪,0.6177,yes
10,ギラティナex＋悪,0.7115,yes
10,ガラガラex＋化石,0.5523,yes
10,ルカリオex＋闘,0.3723,yes
10,カイリキーex＋闘,0.5923,yes
10,ガブリアスex＋ドラゴン,0.4308,yes
10,エビワラーex＋闘,0.5190,no
10,ドンファンex＋闘,0.4362,yes
10,マッシブーンex＋闘,0.6723,yes
10,ナゲツケサルex＋闘,0.6908,yes
10,メガハガネールex,0.6931,yes
10,メガハッサムex＋鋼,0.6469,yes
10,ダイノーズex＋鋼,0.5338,yes
10,メルメタルex＋鋼,0.4831,yes
10,ソルガレオex＋鋼超,0.4869,yes
10,サーフゴーex＋鋼,0.3908,yes
10,オノノクス＋ドラゴン,0.5592,yes
10,カイリューex＋ドラゴン,0.4854,yes
10,パルキアex＋ドラゴン,0.6792,yes
10,ディアルガex＋鋼ドラゴン,0.5431,yes
10,レックウザex＋ドラゴン,0.5754,yes
10,ギラティナex＋ドラゴン悪,0.4928,no
10,ウルトラネクロズマex＋ドラゴン,0.6023,yes
10,メガラティオスex＋ドラゴン,0.5497,no
10,メガチルタリスex,0.7562,yes
10,ドラミドロex＋ドラゴン,0.3238,yes
10,カビゴンex＋無色,0.4677,yes
10,ケンタロスex＋無色,0.5477,yes
10,ルギアex＋無色,0.5269,yes
10,ハピナスex＋無色,0.1608,yes
10,ピジョットex＋無色,0.6669,yes
10,ミュウツーex＋ゲッコウガex,0.6462,yes
10,スイクンex＋カスミ,0.6462,yes
10,ゲッコウガex＋ブラッキーex,0.5485,yes
10,フシギバナex＋ミュウex,0.8769,yes
10,サザンドラ＋ギラティナex,0.5485,yes
10,ライコウex＋雷,0.6431,yes
10,アローラライチュウex＋雷,0.2162,yes
10,アローラキュウコンex＋水,0.6615,yes
10,ニンフィアex＋超,0.3515,yes
10,プクリンex＋無色,0.6315,yes
10,メガカメックスex,0.5577,yes
10,メガガルーラex＋無色,0.5869,yes
10,ジラーチ＋鋼超,0.5331,yes
10,プテラex＋化石,0.5377,yes
10,アクジキングex＋悪,0.6154,yes
10,エルフーンex＋草,0.7292,yes
10,ストリンダーex＋雷,0.5362,yes
10,パルデアドオーex＋悪,0.5700,yes
10,ランターンex＋雷水,0.6723,yes
10,メガクチートex＋悪鋼,0.4715,yes
10,ミロカロスex＋水,0.5069,yes
10,メガヤドランex＋超水,0.5915,yes
10,オーガポンみどりのめんex＋草,0.6769,yes
10,ガオガエンex＋炎悪,0.5546,yes
10,デカヌチャンex＋鋼,0.4738,yes
10,ビーダルex＋無色,0.4262,yes
10,ツボツボex＋無色,0.6677,yes
10,ケケンカニex＋闘,0.3838,yes
10,ナッシーex＋草,0.5408,yes
10,スピアーex＋草,0.4292,yes
10,ギャロップex＋炎,0.6300,yes
10,ニョロボンex＋水,0.6738,yes
10,メガカイロスex＋草,0.6300,yes
10,メガピジョットex＋無色,0.7777,yes
10,ダダリンex＋鋼,0.5938,yes
10,ファイヤーex＋炎,0.4100,yes
10,グレイシアex＋水,0.5954,yes
10,リーフィアex＋草,0.2569,yes
10,ブースターex＋炎,0.5415,yes
10,ルガルガンex＋闘,0.4708,yes
10,ウミトリオex＋水,0.4869,yes
10,ベロベルトex＋無色,0.4277,yes
10,エアームドex＋鋼,0.5762,yes
10,アローラダグトリオex＋鋼,0.5138,yes
10,アローラベトベトンex＋悪,0.5362,yes
10,スピアーex＋毒複合,0.6769,yes
10,メガヤンマex＋草,0.5231,yes
10,メガラグラージex＋水,0.4726,no
10,メガミミロップex＋無色,0.7185,yes
10,メガチャーレムex＋闘超,0.6523,yes
11,メガライボルトex,0.7482,no
11,メガデンリュウex,0.7138,yes
11,サンダースex単,0.7182,no
11,ピカチュウex＋ライチュウex,0.7974,no
11,ハラバリーex＋雷,0.4492,no
11,パチリスex＋雷,0.6805,no
11,サンダーex＋雷,0.7615,yes
11,メガリザードンX ex,0.5069,yes
11,メガリザードンY ex,0.6400,yes
11,メガバシャーモex,0.7785,no
11,ウインディex＋炎,0.5562,yes
11,リザードンex＋炎,0.8882,no
11,エンテイex＋炎,0.8331,yes
11,ホウオウex＋炎,0.7338,yes
11,ゴウカザルex＋炎,0.6379,no
11,ズガドーンex＋炎,0.6692,yes
11,グレンアルマex＋炎,0.7346,no
11,フリーザーex＋カスミ,0.6769,yes
11,スイクンex＋ゲッコウガ,0.6846,yes
11,カメックスex＋水,0.1969,yes
11,メガギャラドスex,0.7023,yes
11,ラプラスex単,0.5077,yes
11,パルキアex＋水,0.6900,yes
11,キングドラex＋水,0.6354,yes
11,スターミーex＋水,0.4238,yes
11,アシレーヌex＋水,0.5662,yes
11,パオジアンex＋水,0.6923,yes
11,フシギバナex＋どく,0.5146,yes
11,メガフシギバナex,0.7177,yes
11,マスカーニャex＋草,0.7015,yes
11,エーフィex＋草超,0.5926,no
11,セレビィex＋草,0.7238,yes
11,ジュナイパーex＋草,0.6569,yes
11,ワタッコex＋草,0.4838,yes
11,ミュウツーex＋サーナイト,0.7246,yes
11,メガサーナイトex,0.7069,yes
11,ゲンガーex＋超,0.7715,yes
11,メガゲンガーex,0.6900,yes
11,ミュウex＋超,0.6808,yes
11,ネクロズマex＋超,0.6823,yes
11,ルナアーラex＋超,0.2415,yes
11,クレセリアex＋超,0.5992,yes
11,イエッサンex＋超,0.7415,yes
11,ミミッキュex＋超,0.6710,no
11,ムウマージex＋超,0.3646,yes
11,エルレイドex＋超,0.4446,no
11,サザンドラ＋メガアブソルex,0.6887,no
11,ダークライex＋悪,0.5700,yes
11,ブラッキーex＋悪,0.5423,yes
11,マニューラex＋悪,0.2808,yes
11,クロバットex＋悪,0.6015,yes
11,ギラティナex＋悪,0.6808,yes
11,ガラガラex＋化石,0.5462,yes
11,ルカリオex＋闘,0.4015,yes
11,カイリキーex＋闘,0.5223,yes
11,ガブリアスex＋ドラゴン,0.3769,yes
11,エビワラーex＋闘,0.6262,yes
11,ドンファンex＋闘,0.4654,yes
11,マッシブーンex＋闘,0.6908,yes
11,ナゲツケサルex＋闘,0.6792,yes
11,メガハガネールex,0.6823,yes
11,メガハッサムex＋鋼,0.6508,yes
11,ダイノーズex＋鋼,0.5646,yes
11,メルメタルex＋鋼,0.4838,yes
11,ソルガレオex＋鋼超,0.4592,yes
11,サーフゴーex＋鋼,0.3531,yes
11,オノノクス＋ドラゴン,0.6138,yes
11,カイリューex＋ドラゴン,0.5077,yes
11,パルキアex＋ドラゴン,0.6377,yes
11,ディアルガex＋鋼ドラゴン,0.5308,yes
11,レックウザex＋ドラゴン,0.5877,yes
11,ギラティナex＋ドラゴン悪,0.6331,yes
11,ウルトラネクロズマex＋ドラゴン,0.5831,yes
11,メガラティオスex＋ドラゴン,0.6831,yes
11,メガチルタリスex,0.6415,yes
11,ドラミドロex＋ドラゴン,0.2946,yes
11,カビゴンex＋無色,0.4823,yes
11,ケンタロスex＋無色,0.5308,yes
11,ルギアex＋無色,0.5169,yes
11,ハピナスex＋無色,0.1592,yes
11,ピジョットex＋無色,0.6385,yes
11,ミュウツーex＋ゲッコウガex,0.6292,yes
11,スイクンex＋カスミ,0.6446,yes
11,ゲッコウガex＋ブラッキーex,0.6085,yes
11,フシギバナex＋ミュウex,0.8900,yes
11,サザンドラ＋ギラティナex,0.5792,yes
11,ライコウex＋雷,0.5031,yes
11,アローラライチュウex＋雷,0.2377,yes
11,アローラキュウコンex＋水,0.6654,yes
11,ニンフィアex＋超,0.3546,yes
11,プクリンex＋無色,0.5854,yes
11,メガカメックスex,0.5462,yes
11,メガガルーラex＋無色,0.5569,yes
11,ジラーチ＋鋼超,0.4846,yes
11,プテラex＋化石,0.5277,yes
11,アクジキングex＋悪,0.6492,yes
11,エルフーンex＋草,0.6208,no
11,ストリンダーex＋雷,0.5285,yes
11,パルデアドオーex＋悪,0.6169,yes
11,ランターンex＋雷水,0.6000,yes
11,メガクチートex＋悪鋼,0.4492,yes
11,ミロカロスex＋水,0.5285,yes
11,メガヤドランex＋超水,0.5838,yes
11,オーガポンみどりのめんex＋草,0.6600,yes
11,ガオガエンex＋炎悪,0.5246,yes
11,デカヌチャンex＋鋼,0.4631,yes
11,ビーダルex＋無色,0.4177,yes
11,ツボツボex＋無色,0.6462,yes
11,ケケンカニex＋闘,0.3885,yes
11,ナッシーex＋草,0.5062,yes
11,スピアーex＋草,0.4954,yes
11,ギャロップex＋炎,0.6385,yes
11,ニョロボンex＋水,0.6285,yes
11,メガカイロスex＋草,0.6000,yes
11,メガピジョットex＋無色,0.7746,yes
11,ダダリンex＋鋼,0.5715,yes
11,ファイヤーex＋炎,0.4438,yes
11,グレイシアex＋水,0.5631,yes
11,リーフィアex＋草,0.2862,yes
11,ブースターex＋炎,0.5492,yes
11,ルガルガンex＋闘,0.4869,yes
11,ウミトリオex＋水,0.5154,yes
11,ベロベルトex＋無色,0.4700,yes
11,エアームドex＋鋼,0.5438,yes
11,アローラダグトリオex＋鋼,0.5354,yes
11,アローラベトベトンex＋悪,0.5562,yes
11,スピアーex＋毒複合,0.6785,yes
11,メガヤンマex＋草,0.5677,yes
11,メガラグラージex＋水,0.6777,yes
11,メガミミロップex＋無色,0.6408,yes
11,メガチャーレムex＋闘超,0.6246,yes
12,メガライボルトex,0.7677,yes
12,メガデンリュウex,0.7003,no
12,サンダースex単,0.7346,no
12,ピカチュウex＋ライチュウex,0.8085,yes
12,ハラバリーex＋雷,0.4479,no
12,パチリスex＋雷,0.6938,yes
12,サンダーex＋雷,0.7356,no
12,メガリザードンX ex,0.5023,no
12,メガリザードンY ex,0.6631,yes
12,メガバシャーモex,0.8123,yes
12,ウインディex＋炎,0.5282,no
12,リザードンex＋炎,0.8838,yes
12,エンテイex＋炎,0.8077,yes
12,ホウオウex＋炎,0.7082,no
12,ゴウカザルex＋炎,0.6492,yes
12,ズガドーンex＋炎,0.7008,yes
12,グレンアルマex＋炎,0.7577,yes
12,フリーザーex＋カスミ,0.6485,yes
12,スイクンex＋ゲッコウガ,0.6587,no
12,カメックスex＋水,0.2323,yes
12,メガギャラドスex,0.7215,yes
12,ラプラスex単,0.4892,yes
12,パルキアex＋水,0.6467,no
12,キングドラex＋水,0.5944,no
12,スターミーex＋水,0.3759,no
12,アシレーヌex＋水,0.5523,yes
12,パオジアンex＋水,0.6500,yes
12,フシギバナex＋どく,0.5315,yes
12,メガフシギバナex,0.7185,yes
12,マスカーニャex＋草,0.6810,no
12,エーフィex＋草超,0.5831,yes
12,セレビィex＋草,0.7123,yes
12,ジュナイパーex＋草,0.6531,yes
12,ワタッコex＋草,0.4577,yes
12,ミュウツーex＋サーナイト,0.7162,yes
12,メガサーナイトex,0.6869,yes
12,ゲンガーex＋超,0.7792,yes
12,メガゲンガーex,0.6915,yes
12,ミュウex＋超,0.7438,yes
12,ネクロズマex＋超,0.6128,no
12,ルナアーラex＋超,0.2485,yes
12,クレセリアex＋超,0.5574,no
12,イエッサンex＋超,0.7308,yes
12,ミミッキュex＋超,0.7546,yes
12,ムウマージex＋超,0.3562,yes
12,エルレイドex＋超,0.4754,yes
12,サザンドラ＋メガアブソルex,0.7077,yes
12,ダークライex＋悪,0.6262,yes
12,ブラッキーex＋悪,0.5954,yes
12,マニューラex＋悪,0.2962,yes
12,クロバットex＋悪,0.6185,yes
12,ギラティナex＋悪,0.7177,yes
12,ガラガラex＋化石,0.5338,yes
12,ルカリオex＋闘,0.3923,yes
12,カイリキーex＋闘,0.4908,yes
12,ガブリアスex＋ドラゴン,0.3885,yes
12,エビワラーex＋闘,0.5900,yes
12,ドンファンex＋闘,0.4562,yes
12,マッシブーンex＋闘,0.7069,yes
12,ナゲツケサルex＋闘,0.6723,yes
12,メガハガネールex,0.6177,yes
12,メガハッサムex＋鋼,0.6746,yes
12,ダイノーズex＋鋼,0.5623,yes
12,メルメタルex＋鋼,0.3969,no
12,ソルガレオex＋鋼超,0.5115,yes
12,サーフゴーex＋鋼,0.3554,yes
12,オノノクス＋ドラゴン,0.5738,yes
12,カイリューex＋ドラゴン,0.5008,yes
12,パルキアex＋ドラゴン,0.6054,yes
12,ディアルガex＋鋼ドラゴン,0.5192,yes
12,レックウザex＋ドラゴン,0.6069,yes
12,ギラティナex＋ドラゴン悪,0.5892,yes
12,ウルトラネクロズマex＋ドラゴン,0.5954,yes
12,メガラティオスex＋ドラゴン,0.6462,yes
12,メガチルタリスex,0.6554,yes
12,ドラミドロex＋ドラゴン,0.3085,yes
12,カビゴンex＋無色,0.5246,yes
12,ケンタロスex＋無色,0.5192,yes
12,ルギアex＋無色,0.5123,yes
12,ハピナスex＋無色,0.1738,yes
12,ピジョットex＋無色,0.6492,yes
12,ミュウツーex＋ゲッコウガex,0.6377,yes
12,スイクンex＋カスミ,0.6654,yes
12,ゲッコウガex＋ブラッキーex,0.6254,yes
12,フシギバナex＋ミュウex,0.8546,yes
12,サザンドラ＋ギラティナex,0.5731,yes
12,ライコウex＋雷,0.5338,yes
12,アローラライチュウex＋雷,0.1808,yes
12,アローラキュウコンex＋水,0.6692,yes
12,ニンフィアex＋超,0.3669,yes
12,プクリンex＋無色,0.6015,yes
12,メガカメックスex,0.5315,yes
12,メガガルーラex＋無色,0.5869,yes
12,ジラーチ＋鋼超,0.5054,yes
12,プテラex＋化石,0.5162,yes
12,アクジキングex＋悪,0.6577,yes
12,エルフーンex＋草,0.7615,yes
12,ストリンダーex＋雷,0.5462,yes
12,パルデアドオーex＋悪,0.5992,yes
12,ランターンex＋雷水,0.6100,yes
12,メガクチートex＋悪鋼,0.4785,yes
12,ミロカロスex＋水,0.5115,yes
12,メガヤドランex＋超水,0.5631,yes
12,オーガポンみどりのめんex＋草,0.6769,yes
12,ガオガエンex＋炎悪,0.4138,yes
12,デカヌチャンex＋鋼,0.4662,yes
12,ビーダルex＋無色,0.4646,yes
12,ツボツボex＋無色,0.6715,yes
12,ケケンカニex＋闘,0.3662,yes
12,ナッシーex＋草,0.5246,yes
12,スピアーex＋草,0.4969,yes
12,ギャロップex＋炎,0.6400,yes
12,ニョロボンex＋水,0.5931,yes
12,メガカイロスex＋草,0.5785,yes
12,メガピジョットex＋無色,0.7985,yes
12,ダダリンex＋鋼,0.4300,yes
12,ファイヤーex＋炎,0.4277,yes
12,グレイシアex＋水,0.5938,yes
12,リーフィアex＋草,0.3015,yes
12,ブースターex＋炎,0.5785,yes
12,ルガルガンex＋闘,0.4892,yes
12,ウミトリオex＋水,0.3715,no
12,ベロベルトex＋無色,0.5369,yes
12,エアームドex＋鋼,0.5254,yes
12,アローラダグトリオex＋鋼,0.5438,yes
12,アローラベトベトンex＋悪,0.5746,yes
12,スピアーex＋毒複合,0.6769,yes
12,メガヤンマex＋草,0.6015,yes
12,メガラグラージex＋水,0.6392,yes
12,メガミミロップex＋無色,0.5354,yes
12,メガチャーレムex＋闘超,0.6477,yes
13,メガライボルトex,0.7715,yes
13,メガデンリュウex,0.7308,yes
13,サンダースex単,0.7585,yes
13,ピカチュウex＋ライチュウex,0.7944,no
13,ハラバリーex＋雷,0.4769,yes
13,パチリスex＋雷,0.7008,yes
13,サンダーex＋雷,0.7436,no
13,メガリザードンX ex,0.5121,no
13,メガリザードンY ex,0.6992,yes
13,メガバシャーモex,0.7936,no
13,ウインディex＋炎,0.5262,no
13,リザードンex＋炎,0.9100,yes
13,エンテイex＋炎,0.8038,yes
13,ホウオウex＋炎,0.7169,yes
13,ゴウカザルex＋炎,0.6572,no
13,ズガドーンex＋炎,0.7092,yes
13,グレンアルマex＋炎,0.7549,no
13,フリーザーex＋カスミ,0.6646,yes
13,スイクンex＋ゲッコウガ,0.7238,yes
13,カメックスex＋水,0.2808,yes
13,メガギャラドスex,0.6744,no
13,ラプラスex単,0.5215,yes
13,パルキアex＋水,0.7762,yes
13,キングドラex＋水,0.6138,yes
13,スターミーex＋水,0.4485,yes
13,アシレーヌex＋水,0.5264,no
13,パオジアンex＋水,0.6162,no
13,フシギバナex＋どく,0.5246,yes
13,メガフシギバナex,0.7254,yes
13,マスカーニャex＋草,0.7308,yes
13,エーフィex＋草超,0.6585,yes
13,セレビィex＋草,0.6946,yes
13,ジュナイパーex＋草,0.6200,yes
13,ワタッコex＋草,0.4854,yes
13,ミュウツーex＋サーナイト,0.7431,yes
13,メガサーナイトex,0.6738,yes
13,ゲンガーex＋超,0.7785,yes
13,メガゲンガーex,0.7115,yes
13,ミュウex＋超,0.6946,no
13,ネクロズマex＋超,0.7054,yes
13,ルナアーラex＋超,0.2300,yes
13,クレセリアex＋超,0.6131,yes
13,イエッサンex＋超,0.7577,yes
13,ミミッキュex＋超,0.7608,yes
13,ムウマージex＋超,0.4154,yes
13,エルレイドex＋超,0.4777,yes
13,サザンドラ＋メガアブソルex,0.6992,yes
13,ダークライex＋悪,0.5838,yes
13,ブラッキーex＋悪,0.5915,yes
13,マニューラex＋悪,0.3015,yes
13,クロバットex＋悪,0.6615,yes
13,ギラティナex＋悪,0.6938,yes
13,ガラガラex＋化石,0.5208,yes
13,ルカリオex＋闘,0.3777,yes
13,カイリキーex＋闘,0.5177,yes
13,ガブリアスex＋ドラゴン,0.4177,yes
13,エビワラーex＋闘,0.6146,yes
13,ドンファンex＋闘,0.4792,yes
13,マッシブーンex＋闘,0.6600,yes
13,ナゲツケサルex＋闘,0.6708,yes
13,メガハガネールex,0.6138,yes
13,メガハッサムex＋鋼,0.6315,yes
13,ダイノーズex＋鋼,0.5238,yes
13,メルメタルex＋鋼,0.5192,yes
13,ソルガレオex＋鋼超,0.4177,no
13,サーフゴーex＋鋼,0.4000,yes
13,オノノクス＋ドラゴン,0.5462,yes
13,カイリューex＋ドラゴン,0.5700,yes
13,パルキアex＋ドラゴン,0.5285,yes
13,ディアルガex＋鋼ドラゴン,0.5292,yes
13,レックウザex＋ドラゴン,0.5287,no
13,ギラティナex＋ドラゴン悪,0.6231,yes
13,ウルトラネクロズマex＋ドラゴン,0.5715,yes
13,メガラティオスex＋ドラゴン,0.6554,yes
13,メガチルタリスex,0.6546,yes
13,ドラミドロex＋ドラゴン,0.3692,yes
13,カビゴンex＋無色,0.4938,yes
13,ケンタロスex＋無色,0.4962,yes
13,ルギアex＋無色,0.5423,yes
13,ハピナスex＋無色,0.1515,yes
13,ピジョットex＋無色,0.6554,yes
13,ミュウツーex＋ゲッコウガex,0.6054,yes
13,スイクンex＋カスミ,0.6654,yes
13,ゲッコウガex＋ブラッキーex,0.6438,yes
13,フシギバナex＋ミュウex,0.8685,yes
13,サザンドラ＋ギラティナex,0.5615,yes
13,ライコウex＋雷,0.5531,yes
13,アローラライチュウex＋雷,0.1985,yes
13,アローラキュウコンex＋水,0.6115,yes
13,ニンフィアex＋超,0.3700,yes
13,プクリンex＋無色,0.6138,yes
13,メガカメックスex,0.5462,yes
13,メガガルーラex＋無色,0.5877,yes
13,ジラーチ＋鋼超,0.4746,yes
13,プテラex＋化石,0.5292,yes
13,アクジキングex＋悪,0.6615,yes
13,エルフーンex＋草,0.7277,yes
13,ストリンダーex＋雷,0.5615,yes
13,パルデアドオーex＋悪,0.6008,yes
13,ランターンex＋雷水,0.6231,yes
13,メガクチートex＋悪鋼,0.5115,yes
13,ミロカロスex＋水,0.4900,yes
13,メガヤドランex＋超水,0.5762,yes
13,オーガポンみどりのめんex＋草,0.6938,yes
13,ガオガエンex＋炎悪,0.4569,yes
13,デカヌチャンex＋鋼,0.4469,yes
13,ビーダルex＋無色,0.4792,yes
13,ツボツボex＋無色,0.6438,yes
13,ケケンカニex＋闘,0.5138,yes
13,ナッシーex＋草,0.5100,yes
13,スピアーex＋草,0.5062,yes
13,ギャロップex＋炎,0.6169,yes
13,ニョロボンex＋水,0.6223,yes
13,メガカイロスex＋草,0.5985,yes
13,メガピジョットex＋無色,0.8162,yes
13,ダダリンex＋鋼,0.3900,yes
13,ファイヤーex＋炎,0.4638,yes
13,グレイシアex＋水,0.5669,yes
13,リーフィアex＋草,0.2969,yes
13,ブースターex＋炎,0.5538,yes
13,ルガルガンex＋闘,0.4792,yes
13,ウミトリオex＋水,0.4992,yes
13,ベロベルトex＋無色,0.5631,yes
13,エアームドex＋鋼,0.5608,yes
13,アローラダグトリオex＋鋼,0.6077,yes
13,アローラベトベトンex＋悪,0.4277,yes
13,スピアーex＋毒複合,0.5977,yes
13,メガヤンマex＋草,0.5985,yes
13,メガラグラージex＋水,0.6023,yes
13,メガミミロップex＋無色,0.4392,yes
13,メガチャーレムex＋闘超,0.6046,yes
14,メガライボルトex,0.7785,yes
14,メガデンリュウex,0.7208,yes
14,サンダースex単,0.7577,yes
14,ピカチュウex＋ライチュウex,0.8223,yes
14,ハラバリーex＋雷,0.4674,no
14,パチリスex＋雷,0.6877,yes
14,サンダーex＋雷,0.7623,yes
14,メガリザードンX ex,0.5477,yes
14,メガリザードンY ex,0.7015,yes
14,メガバシャーモex,0.8438,yes
14,ウインディex＋炎,0.5290,no
14,リザードンex＋炎,0.8821,no
14,エンテイex＋炎,0.7708,yes
14,ホウオウex＋炎,0.7226,no
14,ゴウカザルex＋炎,0.6677,yes
14,ズガドーンex＋炎,0.6826,no
14,グレンアルマex＋炎,0.7531,yes
14,フリーザーex＋カスミ,0.6631,yes
14,スイクンex＋ゲッコウガ,0.6638,yes
14,カメックスex＋水,0.2700,yes
14,メガギャラドスex,0.7062,yes
14,ラプラスex単,0.4969,yes
14,パルキアex＋水,0.7700,yes
14,キングドラex＋水,0.6169,yes
14,スターミーex＋水,0.4105,no
14,アシレーヌex＋水,0.5731,yes
14,パオジアンex＋水,0.7062,yes
14,フシギバナex＋どく,0.5685,yes
14,メガフシギバナex,0.7085,yes
14,マスカーニャex＋草,0.7231,yes
14,エーフィex＋草超,0.6569,yes
14,セレビィex＋草,0.6892,yes
14,ジュナイパーex＋草,0.6323,yes
14,ワタッコex＋草,0.5077,yes
14,ミュウツーex＋サーナイト,0.7377,yes
14,メガサーナイトex,0.6892,yes
14,ゲンガーex＋超,0.7823,yes
14,メガゲンガーex,0.7015,yes
14,ミュウex＋超,0.7662,yes
14,ネクロズマex＋超,0.6754,yes
14,ルナアーラex＋超,0.2754,yes
14,クレセリアex＋超,0.6346,yes
14,イエッサンex＋超,0.7669,yes
14,ミミッキュex＋超,0.7531,yes
14,ムウマージex＋超,0.3915,yes
14,エルレイドex＋超,0.4638,yes
14,サザンドラ＋メガアブソルex,0.7815,yes
14,ダークライex＋悪,0.6269,yes
14,ブラッキーex＋悪,0.5700,yes
14,マニューラex＋悪,0.3046,yes
14,クロバットex＋悪,0.6808,yes
14,ギラティナex＋悪,0.7438,yes
14,ガラガラex＋化石,0.5600,yes
14,ルカリオex＋闘,0.3800,yes
14,カイリキーex＋闘,0.4631,yes
14,ガブリアスex＋ドラゴン,0.4277,yes
14,エビワラーex＋闘,0.6085,yes
14,ドンファンex＋闘,0.4638,yes
14,マッシブーンex＋闘,0.6800,yes
14,ナゲツケサルex＋闘,0.6108,yes
14,メガハガネールex,0.6208,yes
14,メガハッサムex＋鋼,0.5718,no
14,ダイノーズex＋鋼,0.4579,no
14,メルメタルex＋鋼,0.4031,yes
14,ソルガレオex＋鋼超,0.5423,yes
14,サーフゴーex＋鋼,0.4054,yes
14,オノノクス＋ドラゴン,0.4669,no
14,カイリューex＋ドラゴン,0.5254,yes
14,パルキアex＋ドラゴン,0.5323,yes
14,ディアルガex＋鋼ドラゴン,0.5262,yes
14,レックウザex＋ドラゴン,0.5846,yes
14,ギラティナex＋ドラゴン悪,0.6108,yes
14,ウルトラネクロズマex＋ドラゴン,0.6315,yes
14,メガラティオスex＋ドラゴン,0.6754,yes
14,メガチルタリスex,0.6677,yes
14,ドラミドロex＋ドラゴン,0.4300,yes
14,カビゴンex＋無色,0.5108,yes
14,ケンタロスex＋無色,0.4808,yes
14,ルギアex＋無色,0.5238,yes
14,ハピナスex＋無色,0.1769,yes
14,ピジョットex＋無色,0.6931,yes
14,ミュウツーex＋ゲッコウガex,0.6069,yes
14,スイクンex＋カスミ,0.6469,yes
14,ゲッコウガex＋ブラッキーex,0.5777,yes
14,フシギバナex＋ミュウex,0.8677,yes
14,サザンドラ＋ギラティナex,0.5831,yes
14,ライコウex＋雷,0.5415,yes
14,アローラライチュウex＋雷,0.1962,yes
14,アローラキュウコンex＋水,0.5723,yes
14,ニンフィアex＋超,0.3685,yes
14,プクリンex＋無色,0.5146,yes
14,メガカメックスex,0.5185,yes
14,メガガルーラex＋無色,0.5815,yes
14,ジラーチ＋鋼超,0.4862,yes
14,プテラex＋化石,0.4808,yes
14,アクジキングex＋悪,0.6654,yes
14,エルフーンex＋草,0.6462,yes
14,ストリンダーex＋雷,0.5669,yes
14,パルデアドオーex＋悪,0.5815,yes
14,ランターンex＋雷水,0.6208,yes
14,メガクチートex＋悪鋼,0.4969,yes
14,ミロカロスex＋水,0.5231,yes
14,メガヤドランex＋超水,0.6046,yes
14,オーガポンみどりのめんex＋草,0.7108,yes
14,ガオガエンex＋炎悪,0.4969,yes
14,デカヌチャンex＋鋼,0.5938,yes
14,ビーダルex＋無色,0.4654,yes
14,ツボツボex＋無色,0.6346,yes
14,ケケンカニex＋闘,0.3779,no
